{
  "verifier": "deberta-nli",
  "threshold": 0.896240234375,
  "test": {
    "ids": [
      "ragtruth-9840",
      "ragtruth-7000",
      "ragtruth-9080",
      "ragtruth-7036",
      "ragtruth-10355",
      "ragtruth-6409",
      "ragtruth-7279",
      "ragtruth-7217",
      "ragtruth-7020",
      "ragtruth-9526",
      "ragtruth-9771",
      "ragtruth-6766",
      "ragtruth-7202",
      "ragtruth-6924",
      "ragtruth-7953",
      "ragtruth-6139",
      "ragtruth-7260",
      "ragtruth-11458",
      "ragtruth-6672",
      "ragtruth-11459",
      "ragtruth-9077",
      "ragtruth-11101",
      "ragtruth-8241",
      "ragtruth-9578",
      "ragtruth-6280",
      "ragtruth-7319",
      "ragtruth-8756",
      "ragtruth-9601",
      "ragtruth-8080",
      "ragtruth-11520",
      "ragtruth-13721",
      "ragtruth-12443",
      "ragtruth-16509",
      "ragtruth-12297",
      "ragtruth-17394",
      "ragtruth-16060",
      "ragtruth-13940",
      "ragtruth-14775",
      "ragtruth-15345",
      "ragtruth-12445",
      "ragtruth-14132",
      "ragtruth-14688",
      "ragtruth-13745",
      "ragtruth-15709",
      "ragtruth-15775",
      "ragtruth-13133",
      "ragtruth-15271",
      "ragtruth-14804",
      "ragtruth-14703",
      "ragtruth-17566",
      "ragtruth-15107",
      "ragtruth-13364",
      "ragtruth-12243",
      "ragtruth-17054",
      "ragtruth-15207",
      "ragtruth-12020",
      "ragtruth-12437",
      "ragtruth-16456",
      "ragtruth-17252",
      "ragtruth-14364",
      "ragtruth-5279",
      "ragtruth-776",
      "ragtruth-621",
      "ragtruth-4847",
      "ragtruth-4588",
      "ragtruth-1001",
      "ragtruth-4532",
      "ragtruth-4037",
      "ragtruth-779",
      "ragtruth-928",
      "ragtruth-275",
      "ragtruth-2359",
      "ragtruth-5478",
      "ragtruth-273",
      "ragtruth-5200",
      "ragtruth-961",
      "ragtruth-140",
      "ragtruth-205",
      "ragtruth-4342",
      "ragtruth-2169",
      "ragtruth-2252",
      "ragtruth-690",
      "ragtruth-1685",
      "ragtruth-4225",
      "ragtruth-3912",
      "ragtruth-1519",
      "ragtruth-148",
      "ragtruth-2674",
      "ragtruth-996",
      "ragtruth-4076"
    ],
    "support": [
      0.1048583984375,
      0.0261993408203125,
      0.016082763671875,
      0.00830078125,
      0.0089111328125,
      0.0136566162109375,
      0.052093505859375,
      0.04071044921875,
      0.0032711029052734375,
      0.06756591796875,
      0.0026836395263671875,
      0.018310546875,
      0.2225341796875,
      0.00829315185546875,
      0.0026988983154296875,
      0.019805908203125,
      0.0780029296875,
      0.004199981689453125,
      0.05242919921875,
      0.034576416015625,
      0.00463104248046875,
      0.0501708984375,
      0.1051025390625,
      0.007007598876953125,
      0.0219879150390625,
      0.1478271484375,
      0.018951416015625,
      0.236083984375,
      0.162841796875,
      0.10369873046875,
      0.1304931640625,
      0.0304412841796875,
      0.0038204193115234375,
      0.8232421875,
      0.60400390625,
      0.0055389404296875,
      0.96923828125,
      0.398681640625,
      0.00827789306640625,
      0.53076171875,
      0.5927734375,
      0.367919921875,
      0.9892578125,
      0.99365234375,
      0.78173828125,
      0.134033203125,
      0.9931640625,
      0.198974609375,
      0.067138671875,
      0.01849365234375,
      0.234619140625,
      0.0042266845703125,
      0.187744140625,
      0.7255859375,
      0.045196533203125,
      0.75244140625,
      0.00347900390625,
      0.9453125,
      0.99658203125,
      0.0794677734375,
      0.45654296875,
      0.90380859375,
      0.10504150390625,
      0.80419921875,
      0.6572265625,
      0.84814453125,
      0.045989990234375,
      0.77001953125,
      0.97705078125,
      0.42431640625,
      0.10040283203125,
      0.02764892578125,
      0.27880859375,
      0.2164306640625,
      0.71630859375,
      0.88916015625,
      0.029754638671875,
      0.607421875,
      0.91064453125,
      0.75341796875,
      0.94482421875,
      0.533203125,
      0.5849609375,
      0.99609375,
      0.60400390625,
      0.12457275390625,
      0.028228759765625,
      0.0220489501953125,
      0.189697265625,
      0.48046875
    ],
    "true": [
      true,
      true,
      true,
      true,
      true,
      false,
      false,
      true,
      false,
      true,
      true,
      true,
      true,
      false,
      true,
      false,
      true,
      true,
      false,
      true,
      true,
      true,
      true,
      true,
      true,
      true,
      true,
      false,
      true,
      false,
      false,
      false,
      true,
      true,
      false,
      true,
      false,
      false,
      true,
      false,
      false,
      false,
      false,
      false,
      false,
      false,
      false,
      false,
      false,
      false,
      false,
      false,
      false,
      false,
      false,
      false,
      false,
      false,
      false,
      false,
      false,
      false,
      true,
      false,
      true,
      false,
      true,
      false,
      false,
      false,
      true,
      false,
      false,
      true,
      false,
      false,
      false,
      false,
      false,
      false,
      false,
      false,
      false,
      false,
      false,
      false,
      false,
      false,
      false,
      true
    ]
  },
  "test_metrics": {
    "precision": 0.4050632911392405,
    "recall": 1.0,
    "f1": 0.5765765765765766,
    "accuracy": 0.4777777777777778,
    "auroc": 0.7780172413793104,
    "tp": 32,
    "fp": 47,
    "tn": 11,
    "fn": 0,
    "n": 90
  }
}