{
  "verifier": "minicheck",
  "n": 400,
  "auroc": 0.779425,
  "thr_ragtruth": 0.7695200741291046,
  "f1_transfer": 0.6601941747572816,
  "thr_best": 0.29563337564468384,
  "f1_best": 0.7487437185929648,
  "scores": [
    0.579880952835083,
    0.01903451979160309,
    0.7058064341545105,
    0.024244140833616257,
    0.3275284469127655,
    0.092275470495224,
    0.6794189214706421,
    0.20818676054477692,
    0.6891052722930908,
    0.06216364726424217,
    0.7239120006561279,
    0.019285518676042557,
    0.7953691482543945,
    0.9695614576339722,
    0.8823335766792297,
    0.9836483001708984,
    0.6639952659606934,
    0.018070055171847343,
    0.9151742458343506,
    0.02065308205783367,
    0.6628734469413757,
    0.012677101418375969,
    0.6995924115180969,
    0.01938985474407673,
    0.9402002096176147,
    0.04252159222960472,
    0.6365128755569458,
    0.01191521342843771,
    0.7998095154762268,
    0.015479015186429024,
    0.2867806851863861,
    0.03307652100920677,
    0.5913139581680298,
    0.03355185315012932,
    0.1681687831878662,
    0.014603822492063046,
    0.7860711812973022,
    0.01154747698456049,
    0.32618623971939087,
    0.01524580828845501,
    0.16575630009174347,
    0.013569914735853672,
    0.19516462087631226,
    0.9088038802146912,
    0.4844728410243988,
    0.05722498893737793,
    0.533717691898346,
    0.06487904489040375,
    0.18791142106056213,
    0.7816140651702881,
    0.02381186932325363,
    0.08541832119226456,
    0.3978268504142761,
    0.03261123225092888,
    0.018862774595618248,
    0.05070226639509201,
    0.06476981937885284,
    0.7778066992759705,
    0.8576550483703613,
    0.014663833193480968,
    0.6871764063835144,
    0.9839149713516235,
    0.5662667751312256,
    0.051880672574043274,
    0.8426459431648254,
    0.11494433879852295,
    0.6919604539871216,
    0.8701230883598328,
    0.8925499320030212,
    0.011465862393379211,
    0.8006285429000854,
    0.9491746425628662,
    0.6736472249031067,
    0.053124599158763885,
    0.24655820429325104,
    0.030131718143820763,
    0.8960906267166138,
    0.09140558540821075,
    0.8924136757850647,
    0.9380515813827515,
    0.6648663282394409,
    0.016842475160956383,
    0.09120223671197891,
    0.013825252652168274,
    0.5629740357398987,
    0.019986875355243683,
    0.15685831010341644,
    0.012143680825829506,
    0.4697834849357605,
    0.1968744844198227,
    0.688215970993042,
    0.0345049649477005,
    0.9813000559806824,
    0.6166847348213196,
    0.4289969503879547,
    0.27891433238983154,
    0.5576797127723694,
    0.06568679213523865,
    0.034491077065467834,
    0.42810580134391785,
    0.7521913051605225,
    0.07128952443599701,
    0.7442272901535034,
    0.6261248588562012,
    0.8356000185012817,
    0.04010051116347313,
    0.8543066382408142,
    0.012764822691679,
    0.47764453291893005,
    0.08017569035291672,
    0.08490771055221558,
    0.23483708500862122,
    0.9742234945297241,
    0.011234619654715061,
    0.6439113616943359,
    0.019837193191051483,
    0.657258152961731,
    0.01367812417447567,
    0.22829531133174896,
    0.07598675042390823,
    0.5531691312789917,
    0.012032561004161835,
    0.6633896231651306,
    0.011228831484913826,
    0.6104003190994263,
    0.9339922070503235,
    0.7702410221099854,
    0.017029419541358948,
    0.02139369025826454,
    0.9749393463134766,
    0.5266619920730591,
    0.014622139744460583,
    0.4343283474445343,
    0.3336568772792816,
    0.8751766681671143,
    0.1695438027381897,
    0.4185553789138794,
    0.7547457218170166,
    0.3172556161880493,
    0.022553810849785805,
    0.710230827331543,
    0.018127979710698128,
    0.2405790388584137,
    0.10886936634778976,
    0.6776257157325745,
    0.9545403122901917,
    0.7497326135635376,
    0.9696799516677856,
    0.8587473034858704,
    0.3825226426124573,
    0.870281994342804,
    0.024685392156243324,
    0.6273226737976074,
    0.8931910395622253,
    0.6508802175521851,
    0.05700265243649483,
    0.4825578033924103,
    0.0985862985253334,
    0.7499915957450867,
    0.9160954356193542,
    0.7200635671615601,
    0.04824614152312279,
    0.04461076483130455,
    0.018673475831747055,
    0.1356395035982132,
    0.4548494815826416,
    0.9210894107818604,
    0.0154409846290946,
    0.1495019495487213,
    0.05471233278512955,
    0.7057285308837891,
    0.9729578495025635,
    0.48695728182792664,
    0.010807931423187256,
    0.781110405921936,
    0.7992064356803894,
    0.08574701845645905,
    0.6001720428466797,
    0.17403186857700348,
    0.03576330468058586,
    0.7121933698654175,
    0.8563724160194397,
    0.652008056640625,
    0.014711186289787292,
    0.9522871375083923,
    0.028986560180783272,
    0.14836856722831726,
    0.02192222885787487,
    0.8207589387893677,
    0.017762210220098495,
    0.7230520248413086,
    0.022138070315122604,
    0.26210513710975647,
    0.02621269039809704,
    0.5376013517379761,
    0.011933852918446064,
    0.08485744148492813,
    0.016226762905716896,
    0.8231441974639893,
    0.23748092353343964,
    0.11236532032489777,
    0.04050678759813309,
    0.37428736686706543,
    0.05775049701333046,
    0.3238833248615265,
    0.017756471410393715,
    0.709179162979126,
    0.012403314001858234,
    0.8344709873199463,
    0.37377139925956726,
    0.9281577467918396,
    0.013998227193951607,
    0.9371570348739624,
    0.9733823537826538,
    0.6986519694328308,
    0.10435406863689423,
    0.8937844634056091,
    0.04608766734600067,
    0.6209863424301147,
    0.024004410952329636,
    0.9437410831451416,
    0.12762100994586945,
    0.9046440720558167,
    0.9480651021003723,
    0.7869188189506531,
    0.03425602242350578,
    0.5832803249359131,
    0.03849174827337265,
    0.2956755459308624,
    0.9710983633995056,
    0.7861409783363342,
    0.01744820736348629,
    0.740164041519165,
    0.09458652138710022,
    0.01800152286887169,
    0.016319500282406807,
    0.945361852645874,
    0.018657023087143898,
    0.6212450861930847,
    0.642223596572876,
    0.2826545536518097,
    0.022565416991710663,
    0.09124469757080078,
    0.028329938650131226,
    0.7401132583618164,
    0.01087144110351801,
    0.7456318140029907,
    0.024706441909074783,
    0.0209167692810297,
    0.017360031604766846,
    0.8339369297027588,
    0.9648012518882751,
    0.47561582922935486,
    0.04332489147782326,
    0.810983419418335,
    0.020670168101787567,
    0.7708759307861328,
    0.11363586783409119,
    0.7629806995391846,
    0.8622043132781982,
    0.35587993264198303,
    0.1912042200565338,
    0.1823737919330597,
    0.5852610468864441,
    0.2513043284416199,
    0.019527047872543335,
    0.8881941437721252,
    0.16993410885334015,
    0.28604745864868164,
    0.32719841599464417,
    0.32004985213279724,
    0.1286945641040802,
    0.7389189004898071,
    0.7613499760627747,
    0.03329235315322876,
    0.8287730813026428,
    0.6755083799362183,
    0.017393454909324646,
    0.6347272396087646,
    0.1366649717092514,
    0.5016570091247559,
    0.0642184242606163,
    0.738692581653595,
    0.020480548962950706,
    0.3246000111103058,
    0.013576669618487358,
    0.256287544965744,
    0.8758885264396667,
    0.6318053603172302,
    0.04780914634466171,
    0.7164214849472046,
    0.3095337450504303,
    0.17616350948810577,
    0.17046746611595154,
    0.5006078481674194,
    0.03663661703467369,
    0.8679501414299011,
    0.015110241249203682,
    0.573124885559082,
    0.013117714785039425,
    0.5747228860855103,
    0.9564579725265503,
    0.9340128898620605,
    0.9660932421684265,
    0.16465629637241364,
    0.013251160271465778,
    0.32663631439208984,
    0.3515194058418274,
    0.6797521114349365,
    0.015320907346904278,
    0.7395453453063965,
    0.015572327189147472,
    0.5078927874565125,
    0.47322162985801697,
    0.21419087052345276,
    0.9739204049110413,
