{
  "verifier": "deberta-nli",
  "n": 400,
  "auroc": 0.757875,
  "thr_ragtruth": 0.7695200741291046,
  "f1_transfer": 0.7002398081534772,
  "thr_best": 0.2440185546875,
  "f1_best": 0.7436619718309859,
  "scores": [
    0.9423828125,
    0.001781463623046875,
    0.93212890625,
    0.0002465248107910156,
    0.97900390625,
    0.95361328125,
    0.83056640625,
    0.078369140625,
    0.59521484375,
    0.4716796875,
    0.41943359375,
    0.0007314682006835938,
    0.994140625,
    0.99755859375,
    0.57666015625,
    0.238525390625,
    0.9453125,
    0.0928955078125,
    0.97412109375,
    0.0072174072265625,
    0.98681640625,
    0.0005970001220703125,
    0.9619140625,
    0.0018072128295898438,
    0.95166015625,
    0.004032135009765625,
    0.8974609375,
    0.003971099853515625,
    0.48046875,
    0.00345611572265625,
    0.6611328125,
    0.00045871734619140625,
    0.69189453125,
    0.01457977294921875,
    0.94580078125,
    0.0001552104949951172,
    0.98095703125,
    0.00026988983154296875,
    0.615234375,
    0.0008893013000488281,
    0.51025390625,
    0.000194549560546875,
    0.7666015625,
    0.98974609375,
    0.97509765625,
    0.0007605552673339844,
    0.72314453125,
    0.2071533203125,
    0.8916015625,
    0.99609375,
    0.5439453125,
    0.001750946044921875,
    0.0872802734375,
    0.71875,
    0.007404327392578125,
    0.0246124267578125,
    0.24951171875,
    0.9423828125,
    0.082275390625,
    0.0011157989501953125,
    0.94677734375,
    0.9990234375,
    0.93896484375,
    0.001293182373046875,
    0.3837890625,
    0.865234375,
    0.95361328125,
    0.9990234375,
    0.92431640625,
    0.0005869865417480469,
    0.9912109375,
    0.998046875,
    0.98193359375,
    0.00494384765625,
    0.39453125,
    0.0004439353942871094,
    0.97998046875,
    0.0009279251098632812,
    0.99169921875,
    0.97802734375,
    0.96630859375,
    0.01319122314453125,
    0.9443359375,
    0.0003299713134765625,
    0.96533203125,
    0.0004596710205078125,
    0.95166015625,
    0.00016045570373535156,
    0.98388671875,
    0.9814453125,
    0.82275390625,
    0.00272369384765625,
    0.99462890625,
    0.10992431640625,
    0.6103515625,
    0.003414154052734375,
    0.98046875,
    0.056671142578125,
    0.028717041015625,
    0.93701171875,
    0.59326171875,
    0.00018227100372314453,
    0.9384765625,
    0.998046875,
    0.97998046875,
    0.002742767333984375,
    0.814453125,
    0.00013899803161621094,
    0.86279296875,
    0.0279388427734375,
    0.7548828125,
    0.00746917724609375,
    0.9814453125,
    0.001216888427734375,
    0.98095703125,
    0.0006036758422851562,
    0.98876953125,
    0.0009851455688476562,
    0.63720703125,
    0.03436279296875,
    0.008270263671875,
    0.002010345458984375,
    0.958984375,
    0.00020647048950195312,
    0.97705078125,
    0.0020771026611328125,
    0.65380859375,
    0.0014677047729492188,
    0.9638671875,
    0.9951171875,
    0.97021484375,
    0.0001271963119506836,
    0.65625,
    0.85302734375,
    0.31982421875,
    0.1729736328125,
    0.79541015625,
    0.99755859375,
    0.9248046875,
    0.003753662109375,
    0.990234375,
    0.0001347064971923828,
    0.0013866424560546875,
    0.73486328125,
    0.97412109375,
    0.88720703125,
    0.9853515625,
    0.0019483566284179688,
    0.9931640625,
    0.0090484619140625,
    0.1873779296875,
    0.0008549690246582031,
    0.9931640625,
    0.99267578125,
    0.65966796875,
    0.0004100799560546875,
    0.9814453125,
    0.032989501953125,
    0.9892578125,
    0.998046875,
    0.8818359375,
    0.732421875,
    0.19287109375,
    0.001445770263671875,
    0.059478759765625,
    0.998046875,
    0.98486328125,
    0.0008983612060546875,
    0.79296875,
    0.9375,
    0.78857421875,
    0.88818359375,
    0.99560546875,
    0.0003790855407714844,
    0.0618896484375,
    0.78466796875,
    0.07781982421875,
    0.0079193115234375,
    0.0394287109375,
    0.1318359375,
    0.98681640625,
    0.998046875,
    0.07366943359375,
    0.0009732246398925781,
    0.99609375,
    0.0139007568359375,
    0.29443359375,
    0.0044708251953125,
    0.94189453125,
    0.0001316070556640625,
    0.94677734375,
    0.0004684925079345703,
    0.77587890625,
    0.97021484375,
    0.958984375,
    0.003467559814453125,
    0.9541015625,
    0.006893157958984375,
    0.99609375,
    0.99560546875,
    0.353515625,
    0.004131317138671875,
    0.80517578125,
    0.52783203125,
    0.99267578125,
    0.00327301025390625,
    0.3759765625,
    0.0015277862548828125,
    0.75341796875,
    0.98193359375,
    0.9833984375,
    0.00021719932556152344,
    0.99072265625,
    0.9990234375,
    0.5703125,
    0.55517578125,
    0.86962890625,
    0.83740234375,
    0.970703125,
    0.00409698486328125,
    0.98583984375,
    0.9951171875,
    0.97021484375,
    0.494873046875,
    0.332275390625,
    0.354736328125,
    0.91943359375,
    0.0002218484878540039,
    0.98486328125,
    0.84375,
    0.00556182861328125,
    0.0047760009765625,
    0.97802734375,
    0.99755859375,
    0.9345703125,
    0.0001302957534790039,
    0.708984375,
    0.00044465065002441406,
    0.1982421875,
    0.99853515625,
    0.9775390625,
    0.00028967857360839844,
    0.97021484375,
    0.263671875,
    0.62548828125,
    0.00042319297790527344,
    0.11083984375,
    0.01274871826171875,
    0.01421356201171875,
    0.046722412109375,
    0.98046875,
    0.55126953125,
    0.994140625,
    0.045928955078125,
    0.11932373046875,
    0.00518035888671875,
    0.6533203125,
    0.85009765625,
    0.609375,
    0.00048661231994628906,
    0.95068359375,
    0.8876953125,
    0.97216796875,
    0.97998046875,
    0.7451171875,
    0.0221405029296875,
    0.9365234375,
    0.1390380859375,
    0.98876953125,
    0.99365234375,
    0.98193359375,
    0.00992584228515625,
    0.91259765625,
    0.9921875,
    0.195068359375,
    0.98583984375,
    0.9453125,
    0.00012922286987304688,
    0.98828125,
    0.94677734375,
    0.251708984375,
    0.54150390625,
    0.64453125,
    0.00016951560974121094,
    0.96484375,
    0.00024771690368652344,
    0.896484375,
    0.09100341796875,
    0.533203125,
    0.96728515625,
    0.98388671875,
    0.00739288330078125,
    0.9814453125,
    0.006603240966796875,
    0.98779296875,
    0.0002244710922241211,
    0.98779296875,
    0.0007791519165039062,
    0.9228515625,
    0.0016841888427734375,
    0.93505859375,
    0.9453125,
    0.9658203125,
    0.998046875,
    0.08868408203125,
    0.0003819465637207031,
    0.93701171875,
    0.0017461776733398438,
    0.9541015625,
    0.00385284423828125,
    0.88427734375,
    0.00013911724090576172,
    0.822265625,
    0.994140625,
    0.76806640625,
    0.998046875,
    0.984375,
    0.0009064674377441406,
    0.96533203125,
    0.0008273124694824219,
    0.978515625,
    0.98486328125,
    0.88818359375,
    0.00015413761138916016,
    0.69189453125,
    0.08551025390625,
    0.58837890625,
    0.1719970703125,
    0.5244140625,
    0.99609375,
    0.99609375,
    0.004123687744140625,
    0.93212890625,
    0.0002548694610595703,
    0.9951171875,
    0.0008826255798339844,
    0.51123046875,
    0.0017871856689453125,
    0.4345703125,
    0.0004379749298095703,
    0.96923828125,
    0.009307861328125,
    0.97900390625,
    0.00015532970428466797,
    0.086669921875,
    0.330322265625,
    0.8974609375,
    0.771484375,
    0.45654296875,
    0.0002543926239013672,
    0.0828857421875,
    0.09124755859375,
    0.99462890625,
    0.00014126300811767578,
    0.951171875,
    0.0014209747314453125,
    0.875,
    0.99755859375,
    0.96142578125,
    0.1748046875,
    0.986328125,
    0.22021484375,
    0.837890625,
    0.005344390869140625,
    0.9755859375,
    0.0011920928955078125,
    0.9677734375,
    0.99560546875,
    0.459228515625,
    0.00026416778564453125,
    0.994140625,
    0.572265625,
    0.90771484375,
    0.1357421875,
