{
  "verifier": "minicheck",
  "threshold": 0.7695200741291046,
  "test": {
    "ids": [
      "ragtruth-9840",
      "ragtruth-7000",
      "ragtruth-9080",
      "ragtruth-7036",
      "ragtruth-10355",
      "ragtruth-6409",
      "ragtruth-7279",
      "ragtruth-7217",
      "ragtruth-7020",
      "ragtruth-9526",
      "ragtruth-9771",
      "ragtruth-6766",
      "ragtruth-7202",
      "ragtruth-6924",
      "ragtruth-7953",
      "ragtruth-6139",
      "ragtruth-7260",
      "ragtruth-11458",
      "ragtruth-6672",
      "ragtruth-11459",
      "ragtruth-9077",
      "ragtruth-11101",
      "ragtruth-8241",
      "ragtruth-9578",
      "ragtruth-6280",
      "ragtruth-7319",
      "ragtruth-8756",
      "ragtruth-9601",
      "ragtruth-8080",
      "ragtruth-11520",
      "ragtruth-13721",
      "ragtruth-12443",
      "ragtruth-16509",
      "ragtruth-12297",
      "ragtruth-17394",
      "ragtruth-16060",
      "ragtruth-13940",
      "ragtruth-14775",
      "ragtruth-15345",
      "ragtruth-12445",
      "ragtruth-14132",
      "ragtruth-14688",
      "ragtruth-13745",
      "ragtruth-15709",
      "ragtruth-15775",
      "ragtruth-13133",
      "ragtruth-15271",
      "ragtruth-14804",
      "ragtruth-14703",
      "ragtruth-17566",
      "ragtruth-15107",
      "ragtruth-13364",
      "ragtruth-12243",
      "ragtruth-17054",
      "ragtruth-15207",
      "ragtruth-12020",
      "ragtruth-12437",
      "ragtruth-16456",
      "ragtruth-17252",
      "ragtruth-14364",
      "ragtruth-5279",
      "ragtruth-776",
      "ragtruth-621",
      "ragtruth-4847",
      "ragtruth-4588",
      "ragtruth-1001",
      "ragtruth-4532",
      "ragtruth-4037",
      "ragtruth-779",
      "ragtruth-928",
      "ragtruth-275",
      "ragtruth-2359",
      "ragtruth-5478",
      "ragtruth-273",
      "ragtruth-5200",
      "ragtruth-961",
      "ragtruth-140",
      "ragtruth-205",
      "ragtruth-4342",
      "ragtruth-2169",
      "ragtruth-2252",
      "ragtruth-690",
      "ragtruth-1685",
      "ragtruth-4225",
      "ragtruth-3912",
      "ragtruth-1519",
      "ragtruth-148",
      "ragtruth-2674",
      "ragtruth-996",
      "ragtruth-4076"
    ],
    "support": [
      0.026816001161932945,
      0.02715744823217392,
      0.024928012862801552,
      0.024704815819859505,
      0.02000684104859829,
      0.03438667953014374,
      0.2841961681842804,
      0.1004803329706192,
      0.037986624985933304,
      0.021086111664772034,
      0.028529159724712372,
      0.02248239889740944,
      0.03840256482362747,
      0.06536193937063217,
      0.03276707977056503,
      0.05486460030078888,
      0.044786639511585236,
      0.031075209379196167,
      0.21264563500881195,
      0.07420789450407028,
      0.021866975352168083,
      0.029232924804091454,
      0.11583627760410309,
      0.04025241360068321,
      0.035991474986076355,
      0.017087414860725403,
      0.07997522503137589,
      0.298643559217453,
      0.07498420774936676,
      0.03245916962623596,
      0.03565084934234619,
      0.029659798368811607,
      0.022157171741127968,
      0.11667919158935547,
      0.7590300440788269,
      0.01169293187558651,
      0.507983922958374,
      0.12179320305585861,
      0.029007840901613235,
      0.6785207390785217,
      0.015592538751661777,
      0.06077221781015396,
      0.7890754342079163,
      0.9111528396606445,
      0.8110228180885315,
      0.555001974105835,
      0.8920634388923645,
      0.05613229423761368,
      0.04139770194888115,
      0.031791504472494125,
      0.05796129256486893,
      0.2239573448896408,
      0.7644391059875488,
      0.7021160125732422,
      0.09851441532373428,
      0.8886035680770874,
      0.014752437360584736,
      0.045426443219184875,
      0.8810054659843445,
      0.8464454412460327,
      0.10986163467168808,
      0.9531925320625305,
      0.05536928400397301,
      0.7064534425735474,
      0.0397903248667717,
      0.368793249130249,
      0.03306599333882332,
      0.3575652539730072,
      0.9280635714530945,
      0.17019960284233093,
      0.04668686166405678,
      0.13677309453487396,
      0.4951685965061188,
      0.046472400426864624,
      0.03641536459326744,
      0.6771482825279236,
      0.07198996841907501,
      0.2884397804737091,
      0.5598664283752441,
      0.24243757128715515,
      0.08788309246301651,
      0.08969752490520477,
      0.06325976550579071,
      0.8442453742027283,
      0.4181274473667145,
      0.24411612749099731,
      0.684241533279419,
      0.040461115539073944,
      0.722168505191803,
      0.1374969780445099
    ],
    "true": [
      true,
      true,
      true,
      true,
      true,
      false,
      false,
      true,
      false,
      true,
      true,
      true,
      true,
      false,
      true,
      false,
      true,
      true,
      false,
      true,
      true,
      true,
      true,
      true,
      true,
      true,
      true,
      false,
      true,
      false,
      false,
      false,
      true,
      true,
      false,
      true,
      false,
      false,
      true,
      false,
      false,
      false,
      false,
      false,
      false,
      false,
      false,
      false,
      false,
      false,
      false,
      false,
      false,
      false,
      false,
      false,
      false,
      false,
      false,
      false,
      false,
      false,
      true,
      false,
      true,
      false,
      true,
      false,
      false,
      false,
      true,
      false,
      false,
      true,
      false,
      false,
      false,
      false,
      false,
      false,
      false,
      false,
      false,
      false,
      false,
      false,
      false,
      false,
      false,
      true
    ]
  },
  "test_metrics": {
    "precision": 0.4,
    "recall": 1.0,
    "f1": 0.5714285714285715,
    "accuracy": 0.4666666666666667,
    "auroc": 0.8539870689655172,
    "tp": 32,
    "fp": 48,
    "tn": 10,
    "fn": 0,
    "n": 90
  }
}