{
  "verifier": "minicheck",
  "threshold": 0.6616362929344177,
  "test": {
    "ids": [
      "ragtruth-9840",
      "ragtruth-7000",
      "ragtruth-9080",
      "ragtruth-7036",
      "ragtruth-10355",
      "ragtruth-6409",
      "ragtruth-7279",
      "ragtruth-7217",
      "ragtruth-7020",
      "ragtruth-9526",
      "ragtruth-9771",
      "ragtruth-6766",
      "ragtruth-7202",
      "ragtruth-6924",
      "ragtruth-7953",
      "ragtruth-6139",
      "ragtruth-7260",
      "ragtruth-11458",
      "ragtruth-6672",
      "ragtruth-11459",
      "ragtruth-9077",
      "ragtruth-11101",
      "ragtruth-8241",
      "ragtruth-9578",
      "ragtruth-6280",
      "ragtruth-7319",
      "ragtruth-8756",
      "ragtruth-9601",
      "ragtruth-8080",
      "ragtruth-11520",
      "ragtruth-13721",
      "ragtruth-12443",
      "ragtruth-16509",
      "ragtruth-12297",
      "ragtruth-17394",
      "ragtruth-16060",
      "ragtruth-13940",
      "ragtruth-14775",
      "ragtruth-15345",
      "ragtruth-12445",
      "ragtruth-14132",
      "ragtruth-14688",
      "ragtruth-13745",
      "ragtruth-15709",
      "ragtruth-15775",
      "ragtruth-13133",
      "ragtruth-15271",
      "ragtruth-14804",
      "ragtruth-14703",
      "ragtruth-17566",
      "ragtruth-15107",
      "ragtruth-13364",
      "ragtruth-12243",
      "ragtruth-17054",
      "ragtruth-15207",
      "ragtruth-12020",
      "ragtruth-12437",
      "ragtruth-16456",
      "ragtruth-17252",
      "ragtruth-14364",
      "ragtruth-5279",
      "ragtruth-776",
      "ragtruth-621",
      "ragtruth-4847",
      "ragtruth-4588",
      "ragtruth-1001",
      "ragtruth-4532",
      "ragtruth-4037",
      "ragtruth-779",
      "ragtruth-928",
      "ragtruth-275",
      "ragtruth-2359",
      "ragtruth-5478",
      "ragtruth-273",
      "ragtruth-5200",
      "ragtruth-961",
      "ragtruth-140",
      "ragtruth-205",
      "ragtruth-4342",
      "ragtruth-2169",
      "ragtruth-2252",
      "ragtruth-690",
      "ragtruth-1685",
      "ragtruth-4225",
      "ragtruth-3912",
      "ragtruth-1519",
      "ragtruth-148",
      "ragtruth-2674",
      "ragtruth-996",
      "ragtruth-4076"
    ],
    "support": [
      0.0757267102599144,
      0.48499518632888794,
      0.3467071056365967,
      0.1716132014989853,
      0.15464814007282257,
      0.3108486831188202,
      0.10885787010192871,
      0.8936803936958313,
      0.6231433749198914,
      0.1767832636833191,
      0.3230220675468445,
      0.16022323071956635,
      0.2730860412120819,
      0.03610491007566452,
      0.08856910467147827,
      0.16682502627372742,
      0.041955702006816864,
      0.1888076215982437,
      0.3170667290687561,
      0.08068706840276718,
      0.1927492916584015,
      0.06461653113365173,
      0.11810457706451416,
      0.536363959312439,
      0.11908508837223053,
      0.045863304287195206,
      0.20113633573055267,
      0.05223232880234718,
      0.13164792954921722,
      0.1855083853006363,
      0.05359159782528877,
      0.5225892663002014,
      0.13472293317317963,
      0.6751123666763306,
      0.9516626000404358,
      0.03841328248381615,
      0.5656228065490723,
      0.13663680851459503,
      0.0631384551525116,
      0.881238579750061,
      0.06662806123495102,
      0.041225824505090714,
      0.7890754342079163,
      0.9111528396606445,
      0.8110228180885315,
      0.8003982901573181,
      0.8920634388923645,
      0.05613229423761368,
      0.12622681260108948,
      0.15026888251304626,
      0.06758450716733932,
      0.7050511240959167,
      0.7146185636520386,
      0.5428449511528015,
      0.18972112238407135,
      0.19061177968978882,
      0.9716939926147461,
      0.09236414730548859,
      0.8794293403625488,
      0.8187453746795654,
      0.14643016457557678,
      0.5948953628540039,
      0.05128951370716095,
      0.9571902751922607,
      0.03483911231160164,
      0.08166743814945221,
      0.10487756133079529,
      0.33986932039260864,
      0.6509838700294495,
      0.392477422952652,
      0.10198310762643814,
      0.10265256464481354,
      0.5885077714920044,
      0.38531091809272766,
      0.1772492527961731,
      0.8731816411018372,
      0.06184546276926994,
      0.060686755925416946,
      0.7362040877342224,
      0.6872668862342834,
      0.2938593924045563,
      0.11627884954214096,
      0.1750698983669281,
      0.916663646697998,
      0.5458690524101257,
      0.0747588574886322,
      0.6867473721504211,
      0.49242159724235535,
      0.17558351159095764,
      0.15434618294239044
    ],
    "true": [
      true,
      true,
      true,
      true,
      true,
      false,
      false,
      true,
      false,
      true,
      true,
      true,
      true,
      false,
      true,
      false,
      true,
      true,
      false,
      true,
      true,
      true,
      true,
      true,
      true,
      true,
      true,
      false,
      true,
      false,
      false,
      false,
      true,
      true,
      false,
      true,
      false,
      false,
      true,
      false,
      false,
      false,
      false,
      false,
      false,
      false,
      false,
      false,
      false,
      false,
      false,
      false,
      false,
      false,
      false,
      false,
      false,
      false,
      false,
      false,
      false,
      false,
      true,
      false,
      true,
      false,
      true,
      false,
      false,
      false,
      true,
      false,
      false,
      true,
      false,
      false,
      false,
      false,
      false,
      false,
      false,
      false,
      false,
      false,
      false,
      false,
      false,
      false,
      false,
      true
    ]
  },
  "test_metrics": {
    "precision": 0.42857142857142855,
    "recall": 0.9375,
    "f1": 0.588235294117647,
    "accuracy": 0.5333333333333333,
    "auroc": 0.6842672413793104,
    "tp": 30,
    "fp": 40,
    "tn": 18,
    "fn": 2,
    "n": 90
  }
}