{
  "global_threshold": 0.09634728729724884,
  "per_task_thresholds": {
    "Data2txt": 0.15620963275432587,
    "QA": 0.04137117601931095,
    "Summary": 0.07809842377901077
  },
  "eval_f1_global": {
    "Data2txt": 0.37213403880070545,
    "QA": 0.4058679706601467,
    "Summary": 0.36118598382749323,
    "OVERALL": 0.3772204806687565
  },
  "eval_f1_per_task": {
    "Data2txt": 0.38102084831056793,
    "QA": 0.39583333333333337,
    "Summary": 0.3414634146341463,
    "OVERALL": 0.3766816143497757
  },
  "correction_global": {
    "rate_before": 0.3437037037037037,
    "rate_after": 0.20962962962962964,
    "clean_retention": 0.896818354671061,
    "abstention": 0.017777777777777778
  },
  "correction_per_task": {
    "rate_before": 0.3437037037037037,
    "rate_after": 0.19407407407407407,
    "clean_retention": 0.8871846875396121,
    "abstention": 0.008148148148148147
  }
}